,aa_position,pcorr,rf,md,average_rank
0,273,3,4,1,2.6666666666666665
1,60,4,5,0,3.0
2,61,1,7,3,3.6666666666666665
3,28,9,2,7,6.0
4,44,2,11,5,6.0
5,76,5,10,6,7.0
6,74,11,1,9,7.0
7,35,0,16,8,8.0
8,31,7,13,4,8.0
9,421,12,3,10,8.333333333333334
10,77,8,15,2,8.333333333333334
11,58,15,0,14,9.666666666666666
12,324,6,14,11,10.333333333333334
13,482,13,12,12,12.333333333333334
14,48,14,9,15,12.666666666666666
15,414,18,6,16,13.333333333333334
16,183,17,8,18,14.333333333333334
17,207,10,22,13,15.0
18,5,16,25,17,19.333333333333332
19,376,20,21,19,20.0
20,459,24,18,21,21.0
21,328,21,23,20,21.333333333333332
22,272,23,19,22,21.333333333333332
23,209,19,28,23,23.333333333333332
24,420,28,17,28,24.333333333333332
25,171,22,31,24,25.666666666666668
26,174,25,32,25,27.333333333333332
27,59,33,20,33,28.666666666666668
28,38,29,30,29,29.333333333333332
29,488,30,29,30,29.666666666666668
30,462,31,36,31,32.666666666666664
31,458,27,45,27,33.0
32,43,35,33,32,33.333333333333336
33,178,34,37,34,35.0
34,67,44,24,44,37.333333333333336
35,384,26,64,26,38.666666666666664
36,70,38,43,37,39.333333333333336
37,25,47,27,47,40.333333333333336
38,450,36,46,40,40.666666666666664
39,47,42,35,46,41.0
40,274,37,48,39,41.333333333333336
41,65,50,26,49,41.666666666666664
42,96,32,58,36,42.0
43,208,40,54,35,43.0
44,18,46,41,42,43.0
45,72,45,42,43,43.333333333333336
46,298,41,51,41,44.333333333333336
47,377,48,39,48,45.0
48,132,43,44,52,46.333333333333336
49,137,49,40,51,46.666666666666664
50,487,52,38,50,46.666666666666664
51,479,39,68,38,48.333333333333336
52,114,54,60,45,53.0
53,97,56,55,54,55.0
54,164,57,56,58,57.0
55,125,55,63,56,58.0
56,11,63,50,64,59.0
57,112,59,57,62,59.333333333333336
58,228,58,70,59,62.333333333333336
59,398,65,62,61,62.666666666666664
60,474,51,88,53,64.0
61,461,53,84,55,64.0
62,90,67,66,60,64.33333333333333
63,126,69,53,72,64.66666666666667
64,69,64,65,67,65.33333333333333
65,327,62,81,65,69.33333333333333
66,481,66,78,68,70.66666666666667
67,251,71,72,73,72.0
68,15,76,67,76,73.0
69,358,79,59,81,73.0
70,379,75,49,95,73.0
71,110,80,69,74,74.33333333333333
72,335,60,107,57,74.66666666666667
73,471,68,91,66,75.0
74,100,89,61,84,78.0
75,225,72,93,69,78.0
76,199,73,96,70,79.66666666666667
77,53,94,47,99,80.0
78,187,83,73,90,82.0
79,221,85,77,91,84.33333333333333
80,113,70,108,75,84.33333333333333
81,380,88,75,93,85.33333333333333
82,150,84,85,88,85.66666666666667
83,206,86,83,96,88.33333333333333
84,333,74,122,71,89.0
85,172,92,79,97,89.33333333333333
86,388,91,80,98,89.66666666666667
87,330,77,135,77,96.33333333333333
88,127,82,120,89,97.0
89,417,102,89,106,99.0
90,51,125,34,139,99.33333333333333
91,226,61,177,63,100.33333333333333
92,50,100,95,108,101.0
93,4,98,104,103,101.66666666666667
94,159,116,102,87,101.66666666666667
95,152,97,137,80,104.66666666666667
96,176,78,162,78,106.0
97,375,115,90,117,107.33333333333333
98,218,106,125,92,107.66666666666667
99,451,108,103,114,108.33333333333333
100,201,96,130,100,108.66666666666667
101,485,93,142,94,109.66666666666667
102,216,118,113,102,111.0
103,163,140,52,145,112.33333333333333
104,435,111,123,109,114.33333333333333
105,131,128,86,132,115.33333333333333
106,173,105,164,79,116.0
107,146,141,98,111,116.66666666666667
108,410,99,150,104,117.66666666666667
109,243,132,92,130,118.0
110,111,138,76,140,118.0
111,95,107,136,112,118.33333333333333
112,396,104,141,110,118.33333333333333
113,406,133,94,129,118.66666666666667
114,465,81,197,83,120.33333333333333
115,433,149,71,143,121.0
116,80,117,149,107,124.33333333333333
117,270,124,127,125,125.33333333333333
118,332,109,188,85,127.33333333333333
119,239,90,211,82,127.66666666666667
120,128,156,97,134,129.0
121,130,120,147,121,129.33333333333334
122,175,119,156,113,129.33333333333334
123,281,122,145,124,130.33333333333334
124,13,95,201,101,132.33333333333334
125,287,87,225,86,132.66666666666666
126,252,144,106,149,133.0
127,368,157,99,147,134.33333333333334
128,214,103,186,115,134.66666666666666
129,288,123,161,122,135.33333333333334
130,425,143,119,148,136.66666666666666
131,45,130,152,137,139.66666666666666
132,486,155,105,164,141.33333333333334
133,215,145,128,151,141.33333333333334
134,404,135,157,133,141.66666666666666
135,350,163,100,165,142.66666666666666
136,448,101,224,105,143.33333333333334
137,232,154,165,123,147.33333333333334
138,161,164,116,163,147.66666666666666
139,320,113,214,118,148.33333333333334
140,39,110,203,138,150.33333333333334
141,204,131,195,128,151.33333333333334
142,62,186,110,159,151.66666666666666
143,229,121,217,120,152.66666666666666
144,258,134,192,135,153.66666666666666
145,326,136,199,126,153.66666666666666
146,261,181,111,169,153.66666666666666
147,480,180,114,168,154.0
148,472,167,112,184,154.33333333333334
149,490,158,148,158,154.66666666666666
150,389,153,158,154,155.0
151,116,139,183,144,155.33333333333334
152,138,146,178,153,159.0
153,71,151,174,156,160.33333333333334
154,55,202,82,200,161.33333333333334
155,374,199,87,202,162.66666666666666
156,203,129,230,131,163.33333333333334
157,234,147,193,152,164.0
158,359,172,153,172,165.66666666666666
159,460,178,168,167,171.0
160,401,152,206,155,171.0
161,89,174,169,176,173.0
162,289,200,118,201,173.0
163,87,193,132,195,173.33333333333334
164,402,142,234,146,174.0
165,27,192,139,191,174.0
166,177,185,154,186,175.0
167,442,179,170,178,175.66666666666666
168,122,150,238,141,176.33333333333334
169,253,148,236,150,178.0
170,250,137,256,142,178.33333333333334
171,14,196,144,197,179.0
172,88,159,222,157,179.33333333333334
173,19,175,180,183,179.33333333333334
174,244,216,115,208,179.66666666666666
175,219,235,74,234,181.0
176,248,201,143,199,181.0
177,282,194,159,196,183.0
178,392,114,322,116,184.0
179,230,165,223,166,184.66666666666666
180,491,219,131,210,186.66666666666666
181,194,191,185,190,188.66666666666666
182,98,189,190,188,189.0
183,235,166,221,182,189.66666666666666
184,369,195,182,198,191.66666666666666
185,9,224,138,216,192.66666666666666
186,68,225,124,230,193.0
187,213,187,207,187,193.66666666666666
188,352,160,268,162,196.66666666666666
189,66,162,271,161,198.0
190,181,170,254,174,199.33333333333334
191,192,198,210,192,200.0
192,313,210,176,218,201.33333333333334
193,200,182,251,175,202.66666666666666
194,469,197,239,189,208.33333333333334
195,184,188,250,193,210.33333333333334
196,3,221,202,213,212.0
197,29,168,300,170,212.66666666666666
198,336,253,117,270,213.33333333333334
199,454,212,212,217,213.66666666666666
200,117,190,262,194,215.33333333333334
201,7,223,215,214,217.33333333333334
202,478,237,134,285,218.66666666666666
203,428,204,231,222,219.0
204,154,220,218,224,220.66666666666666
205,429,171,320,177,222.66666666666666
206,325,112,437,119,222.66666666666666
207,443,233,204,233,223.33333333333334
208,484,242,175,255,224.0
209,470,229,233,211,224.33333333333334
210,475,252,121,304,225.66666666666666
211,26,227,227,226,226.66666666666666
212,41,230,245,206,227.0
213,34,231,240,212,227.66666666666666
214,92,234,216,235,228.33333333333334
215,21,215,255,225,231.66666666666666
216,423,177,343,179,233.0
217,444,232,263,215,236.66666666666666
218,254,169,369,173,237.0
219,432,315,151,245,237.0
220,449,272,179,261,237.33333333333334
221,267,126,466,127,239.66666666666666
222,255,184,368,171,241.0
223,427,203,298,223,241.33333333333334
224,430,316,167,249,244.0
225,249,183,370,180,244.33333333333334
226,476,262,172,303,245.66666666666666
227,144,176,385,181,247.33333333333334
228,355,246,253,244,247.66666666666666
229,483,241,189,317,249.0
230,290,127,485,136,249.33333333333334
231,1,321,109,330,253.33333333333334
232,343,161,442,160,254.33333333333334
233,351,238,290,240,256.0
234,354,243,285,243,257.0
235,356,247,281,246,258.0
236,360,264,260,251,258.3333333333333
237,353,240,295,242,259.0
238,408,278,173,328,259.6666666666667
239,477,265,213,301,259.6666666666667
240,211,222,354,204,260.0
241,405,281,205,295,260.3333333333333
242,222,214,365,207,262.0
243,357,248,292,247,262.3333333333333
244,245,206,372,209,262.3333333333333
245,238,208,377,205,263.3333333333333
246,434,314,235,241,263.3333333333333
247,247,218,371,203,264.0
248,339,173,439,185,265.6666666666667
249,456,249,312,239,266.6666666666667
250,473,260,244,297,267.0
251,142,323,129,351,267.6666666666667
252,364,304,242,259,268.3333333333333
253,362,303,247,256,268.6666666666667
254,387,293,278,236,269.0
255,457,245,313,250,269.3333333333333
256,455,250,311,260,273.6666666666667
257,136,205,398,219,274.0
258,348,269,299,257,275.0
259,407,280,228,319,275.6666666666667
260,439,309,258,269,278.6666666666667
261,349,254,345,238,279.0
262,440,307,269,267,281.0
263,141,228,395,220,281.0
264,452,273,309,262,281.3333333333333
265,361,301,291,252,281.3333333333333
266,391,290,257,298,281.6666666666667
267,382,289,264,296,283.0
268,381,285,288,286,286.3333333333333
269,79,211,421,228,286.6666666666667
270,347,267,347,248,287.3333333333333
271,365,305,276,282,287.6666666666667
272,367,306,249,311,288.6666666666667
273,383,292,274,300,288.6666666666667
274,6,377,101,389,289.0
275,445,302,305,264,290.3333333333333
276,346,266,348,258,290.6666666666667
277,464,236,316,321,291.0
278,463,244,315,318,292.3333333333333
279,23,371,133,373,292.3333333333333
280,467,271,318,289,292.6666666666667
281,468,270,319,290,293.0
282,378,279,294,306,293.0
283,385,298,280,302,293.3333333333333
284,489,474,146,266,295.3333333333333
285,390,291,297,299,295.6666666666667
286,438,311,303,274,296.0
287,446,300,306,284,296.6666666666667
288,426,317,321,253,297.0
289,466,251,317,323,297.0
290,437,312,302,277,297.0
291,453,319,310,263,297.3333333333333
292,436,313,301,279,297.6666666666667
293,40,364,155,374,297.6666666666667
294,431,488,171,237,298.6666666666667
295,271,209,462,227,299.3333333333333
296,109,336,219,345,300.0
297,400,284,329,287,300.0
298,269,217,457,229,301.0
299,397,286,327,291,301.3333333333333
300,395,287,326,292,301.6666666666667
301,394,288,325,293,302.0
302,64,226,449,231,302.0
303,296,207,479,221,302.3333333333333
304,399,294,328,288,303.3333333333333
305,372,308,284,322,304.6666666666667
306,103,362,181,371,304.6666666666667
307,424,318,344,254,305.3333333333333
308,403,282,330,305,305.6666666666667
309,42,363,166,390,306.3333333333333
310,373,310,286,324,306.6666666666667
311,415,283,336,308,309.0
312,413,274,335,320,309.6666666666667
313,162,351,220,359,310.0
314,81,213,486,232,310.3333333333333
315,412,275,334,325,311.3333333333333
316,447,299,307,329,311.6666666666667
317,411,276,333,326,311.6666666666667
318,409,277,332,327,312.0
319,118,334,259,343,312.0
320,17,372,187,384,314.3333333333333
321,12,374,184,386,314.6666666666667
322,422,297,342,307,315.3333333333333
323,418,296,338,312,315.3333333333333
324,416,295,337,316,316.0
325,16,373,194,385,317.3333333333333
326,133,328,296,336,320.0
327,8,376,208,388,324.0
328,345,263,440,271,324.6666666666667
329,334,257,450,268,325.0
330,337,255,448,272,325.0
331,338,256,446,273,325.0
332,340,258,445,275,326.0
333,147,350,261,369,326.6666666666667
334,342,259,443,278,326.6666666666667
335,344,261,441,280,327.3333333333333
336,10,375,229,387,330.3333333333333
337,52,390,200,402,330.6666666666667
338,315,427,126,440,331.0
339,149,358,272,367,332.3333333333333
340,63,396,209,406,337.0
341,363,472,265,281,339.3333333333333
342,49,381,246,391,339.3333333333333
343,329,239,452,331,340.6666666666667
344,2,378,163,481,340.6666666666667
345,331,268,451,313,344.0
346,366,490,232,310,344.0
347,386,482,279,283,348.0
348,46,370,293,382,348.3333333333333
349,107,338,362,347,349.0
350,170,401,237,410,349.3333333333333
351,106,340,361,348,349.6666666666667
352,266,441,140,472,351.0
353,441,485,304,265,351.3333333333333
354,139,325,397,333,351.6666666666667
355,182,360,243,452,351.6666666666667
356,24,369,308,380,352.3333333333333
357,124,329,390,338,352.3333333333333
358,123,331,388,339,352.6666666666667
359,135,326,399,334,353.0
360,83,399,270,393,354.0
361,84,391,273,400,354.6666666666667
362,223,442,160,462,354.6666666666667
363,311,431,191,443,355.0
364,188,402,198,467,355.6666666666667
365,105,361,358,349,356.0
366,30,368,323,379,356.6666666666667
367,140,324,396,350,356.6666666666667
368,37,365,331,375,357.0
369,370,476,282,314,357.3333333333333
370,371,475,283,315,357.6666666666667
371,143,330,392,352,358.0
372,20,379,314,383,358.6666666666667
373,307,434,196,447,359.0
374,54,382,287,409,359.3333333333333
375,57,397,277,407,360.3333333333333
376,33,366,340,377,361.0
377,393,467,324,294,361.6666666666667
378,32,367,341,378,362.0
379,115,335,408,344,362.3333333333333
380,108,337,405,346,362.6666666666667
381,120,332,415,341,362.6666666666667
382,323,320,436,332,362.6666666666667
383,119,333,414,342,363.0
384,134,327,430,335,364.0
385,145,341,391,362,364.6666666666667
386,121,339,416,340,365.0
387,36,478,241,376,365.0
388,56,398,289,408,365.0
389,148,342,389,368,366.3333333333333
390,168,347,403,355,368.3333333333333
391,104,380,357,370,369.0
392,153,356,386,365,369.0
393,169,346,409,354,369.6666666666667
394,156,354,393,363,370.0
395,151,357,387,366,370.0
396,102,383,356,372,370.3333333333333
397,167,348,410,356,371.3333333333333
398,22,468,266,381,371.6666666666667
399,157,353,401,361,371.6666666666667
400,158,352,411,353,372.0
401,185,400,248,469,372.3333333333333
402,155,355,400,364,373.0
403,165,349,413,358,373.3333333333333
404,101,384,352,392,376.0
405,419,481,339,309,376.3333333333333
406,99,385,351,394,376.6666666666667
407,160,359,417,360,378.6666666666667
408,197,451,226,460,379.0
409,91,387,373,397,385.6666666666667
410,93,386,375,396,385.6666666666667
411,186,418,275,468,387.0
412,180,343,406,412,387.0
413,179,344,407,411,387.3333333333333
414,191,454,252,464,390.0
415,321,322,423,435,393.3333333333333
416,322,345,422,434,400.3333333333333
417,341,483,444,276,401.0
418,237,458,267,486,403.6666666666667
419,129,484,394,337,405.0
420,312,429,346,441,405.3333333333333
421,78,393,429,403,408.3333333333333
422,94,479,364,395,412.6666666666667
423,166,469,412,357,412.6666666666667
424,75,394,447,404,415.0
425,85,389,463,399,417.0
426,73,395,453,405,417.6666666666667
427,82,392,461,401,418.0
428,212,447,353,455,418.3333333333333
429,86,388,471,398,419.0
430,205,448,359,457,421.3333333333333
431,220,446,349,470,421.6666666666667
432,202,450,360,458,422.6666666666667
433,198,457,363,459,426.3333333333333
434,224,445,366,471,427.3333333333333
435,319,423,424,436,427.6666666666667
436,217,480,350,454,428.0
437,318,424,425,437,428.6666666666667
438,317,425,426,438,429.6666666666667
439,314,428,428,433,429.6666666666667
440,316,426,427,439,430.6666666666667
441,195,452,383,461,432.0
442,297,403,478,416,432.3333333333333
443,302,422,455,422,433.0
444,293,406,475,419,433.3333333333333
445,193,453,384,463,433.3333333333333
446,210,489,355,456,433.3333333333333
447,277,414,458,429,433.6666666666667
448,295,404,480,417,433.6666666666667
449,299,410,477,415,434.0
450,294,405,481,418,434.6666666666667
451,291,408,484,413,435.0
452,279,413,465,427,435.0
453,196,471,382,453,435.3333333333333
454,303,438,438,431,435.6666666666667
455,275,416,460,432,436.0
456,309,432,432,445,436.3333333333333
457,292,407,482,420,436.3333333333333
458,233,443,379,488,436.6666666666667
459,300,421,476,414,437.0
460,280,412,473,426,437.0
461,308,433,433,446,437.3333333333333
462,242,462,367,483,437.3333333333333
463,231,444,380,489,437.6666666666667
464,310,439,431,444,438.0
465,236,449,378,487,438.0
466,306,435,434,448,439.0
467,286,409,487,421,439.0
468,305,436,435,449,440.0
469,190,455,402,465,440.6666666666667
470,285,411,488,423,440.6666666666667
471,276,415,459,450,441.3333333333333
472,189,456,404,466,442.0
473,240,466,376,485,442.3333333333333
474,241,470,374,484,442.6666666666667
475,284,419,489,424,444.0
476,268,417,464,451,444.0
477,304,437,454,442,444.3333333333333
478,301,430,474,430,444.6666666666667
479,227,486,381,482,449.6666666666667
480,256,464,418,473,451.6666666666667
481,257,460,419,480,453.0
482,259,461,420,479,453.3333333333333
483,265,420,467,474,453.6666666666667
484,278,477,472,428,459.0
485,263,440,469,476,461.6666666666667
486,283,487,483,425,465.0
487,260,465,456,478,466.3333333333333
488,262,463,470,477,470.0
489,264,473,468,475,472.0
490,246,459,490,490,479.6666666666667
