,position,pcorr,pcorr_absolute
0,35,0.021671093449734096,0.021671093449734096
1,61,-0.028672433463744273,0.028672433463744273
2,44,0.04691461206470463,0.04691461206470463
3,273,0.06408030770142352,0.06408030770142352
4,60,0.06957991709162298,0.06957991709162298
5,76,0.08084999205518882,0.08084999205518882
6,324,0.0814947828027238,0.0814947828027238
7,31,0.08794134719782497,0.08794134719782497
8,77,0.10050137876809544,0.10050137876809544
9,28,0.10460126241248231,0.10460126241248231
10,207,0.1122963105356279,0.1122963105356279
11,74,0.1171582457951182,0.1171582457951182
12,421,0.11856384571627905,0.11856384571627905
13,482,0.13795994355044056,0.13795994355044056
14,48,0.1386582298747249,0.1386582298747249
15,58,0.1742579651888667,0.1742579651888667
16,5,0.17532040107713323,0.17532040107713323
17,183,0.18751584790916279,0.18751584790916279
18,414,0.1952644614526032,0.1952644614526032
19,209,0.20821202561817395,0.20821202561817395
20,376,0.21632543692989498,0.21632543692989498
21,328,0.2986038236767414,0.2986038236767414
22,171,0.33247388960714447,0.33247388960714447
23,272,0.35877007110036385,0.35877007110036385
24,459,0.37343317886387584,0.37343317886387584
25,174,0.4945485988586739,0.4945485988586739
26,384,0.5729337437318517,0.5729337437318517
27,458,0.679998030978177,0.679998030978177
28,420,0.7359150950273534,0.7359150950273534
29,38,0.7923702507209892,0.7923702507209892
30,488,0.8599732158873755,0.8599732158873755
31,462,0.9534151310449953,0.9534151310449953
32,96,0.9617274192591081,0.9617274192591081
33,59,0.9806275952849829,0.9806275952849829
34,178,0.981838521639708,0.981838521639708
35,43,0.9824475377243636,0.9824475377243636
36,450,0.9841381350812345,0.9841381350812345
37,274,0.9883771384585385,0.9883771384585385
38,70,0.9886702524742386,0.9886702524742386
39,479,0.9895396316296213,0.9895396316296213
40,208,0.9913397902992858,0.9913397902992858
41,298,0.9917023913474924,0.9917023913474924
42,47,0.9943595851834119,0.9943595851834119
43,132,0.9959470424652883,0.9959470424652883
44,67,0.996092024567068,0.996092024567068
45,72,0.9961586551988676,0.9961586551988676
46,18,0.9962765389080339,0.9962765389080339
47,25,0.996539859709232,0.996539859709232
48,377,0.9973455220446252,0.9973455220446252
49,137,0.9973558268967418,0.9973558268967418
50,65,0.9978372922742821,0.9978372922742821
51,474,0.9978736566690225,0.9978736566690225
52,487,0.9980455091308984,0.9980455091308984
53,461,0.9981382734438531,0.9981382734438531
54,114,0.9982505328554183,0.9982505328554183
55,125,0.9983164683620931,0.9983164683620931
56,97,0.9983808488544149,0.9983808488544149
57,164,0.9986247576352841,0.9986247576352841
58,228,0.9987809376360468,0.9987809376360468
59,112,0.9988954086298104,0.9988954086298104
60,335,0.9989544509145979,0.9989544509145979
61,226,0.9990489009628215,0.9990489009628215
62,327,0.9991036471198395,0.9991036471198395
63,11,0.9991863640871026,0.9991863640871026
64,69,0.9991874151325245,0.9991874151325245
65,398,0.9992629216182902,0.9992629216182902
66,481,0.9992665512682904,0.9992665512682904
67,90,0.9992800958574083,0.9992800958574083
68,471,0.9993637448371895,0.9993637448371895
69,126,0.9994449085751177,0.9994449085751177
70,113,0.9995934422249807,0.9995934422249807
71,251,0.9995950351437803,0.9995950351437803
72,225,0.9996368043832903,0.9996368043832903
73,199,0.9996529358920614,0.9996529358920614
74,333,0.9996545701159956,0.9996545701159956
75,379,0.9996550430776461,0.9996550430776461
76,15,0.999680730767084,0.999680730767084
77,330,0.9996940240557666,0.9996940240557666
78,176,0.9997015291153154,0.9997015291153154
79,358,0.9997055907803082,0.9997055907803082
80,110,0.9997328550670643,0.9997328550670643
81,465,0.9997448723644581,0.9997448723644581
82,127,0.9997644530103517,0.9997644530103517
83,187,0.9997729172048733,0.9997729172048733
84,150,0.9997849437882351,0.9997849437882351
85,221,0.999787251870472,0.999787251870472
86,206,0.9998033865177889,0.9998033865177889
87,287,0.9998120640049654,0.9998120640049654
88,380,0.9998247027087274,0.9998247027087274
89,100,0.9998431351888601,0.9998431351888601
90,239,0.9998527549570382,0.9998527549570382
91,388,0.9998552024651484,0.9998552024651484
92,172,0.9998649577633162,0.9998649577633162
93,485,0.9998661381258792,0.9998661381258792
94,53,0.9998727828431389,0.9998727828431389
95,13,0.9998728502260908,0.9998728502260908
96,201,0.9998780723646479,0.9998780723646479
97,152,0.9998791057987378,0.9998791057987378
98,4,0.9998851285909811,0.9998851285909811
99,410,0.9998961138430938,0.9998961138430938
100,50,0.9998961138430938,0.9998961138430938
101,448,0.9998961138430938,0.9998961138430938
102,417,0.9998961138430938,0.9998961138430938
103,214,0.9998973550599131,0.9998973550599131
104,396,0.9998999287498799,0.9998999287498799
105,173,0.9999039010346723,0.9999039010346723
106,218,0.9999193513307207,0.9999193513307207
107,95,0.999921021858236,0.999921021858236
108,451,0.9999265532673297,0.9999265532673297
109,332,0.9999357207963753,0.9999357207963753
110,39,0.9999360309452986,0.9999360309452986
111,435,0.9999365506937751,0.9999365506937751
112,325,0.9999374393344075,0.9999374393344075
113,320,0.9999374393344075,0.9999374393344075
114,392,0.9999374393344076,0.9999374393344076
115,375,0.9999374393344076,0.9999374393344076
116,159,0.9999396337692942,0.9999396337692942
117,80,0.9999447115233623,0.9999447115233623
118,216,0.9999457072709981,0.9999457072709981
119,175,0.9999484230633715,0.9999484230633715
120,130,0.9999491215096077,0.9999491215096077
121,229,0.9999498767397709,0.9999498767397709
122,281,0.9999516539373313,0.9999516539373313
123,288,0.9999516539373314,0.9999516539373314
124,270,0.9999516539373315,0.9999516539373315
125,51,0.9999533906533798,0.9999533906533798
126,267,0.9999542873666597,0.9999542873666597
127,290,0.9999542873666598,0.9999542873666598
128,131,0.9999542873666598,0.9999542873666598
129,203,0.9999542873666598,0.9999542873666598
130,45,0.9999542873666598,0.9999542873666598
131,204,0.9999542873666598,0.9999542873666598
132,243,0.9999542873666598,0.9999542873666598
133,406,0.9999542873666598,0.9999542873666598
134,258,0.9999542873666598,0.9999542873666598
135,404,0.9999542873666598,0.9999542873666598
136,326,0.9999542873666598,0.9999542873666598
137,250,0.9999567236506077,0.9999567236506077
138,111,0.9999567236506077,0.9999567236506077
139,116,0.9999568153279023,0.9999568153279023
140,163,0.9999581897125074,0.9999581897125074
141,146,0.9999602826733484,0.9999602826733484
142,402,0.9999608032175464,0.9999608032175464
143,425,0.9999654013891662,0.9999654013891662
144,252,0.9999669522107457,0.9999669522107457
145,215,0.9999702363943189,0.9999702363943189
146,138,0.999970236394319,0.999970236394319
147,234,0.999970236394319,0.999970236394319
148,253,0.999970236394319,0.999970236394319
149,433,0.999970967043696,0.999970967043696
150,122,0.9999713003197072,0.9999713003197072
151,71,0.999972410532243,0.999972410532243
152,401,0.999972410532243,0.999972410532243
153,389,0.9999724105322431,0.9999724105322431
154,232,0.9999757123732121,0.9999757123732121
155,486,0.999977217147469,0.999977217147469
156,128,0.9999783458658996,0.9999783458658996
157,368,0.9999800575631389,0.9999800575631389
158,490,0.9999828188024072,0.9999828188024072
159,88,0.9999833008388274,0.9999833008388274
160,352,0.9999845410649303,0.9999845410649303
161,343,0.9999845410649303,0.9999845410649303
162,66,0.9999845410649305,0.9999845410649305
163,350,0.9999865186617449,0.9999865186617449
164,161,0.9999881871366915,0.9999881871366915
165,230,0.9999886852808161,0.9999886852808161
166,235,0.9999886852808161,0.9999886852808161
167,472,0.9999886852808161,0.9999886852808161
168,29,0.9999886852808161,0.9999886852808161
169,254,0.9999886852808161,0.9999886852808161
170,181,0.9999886852808161,0.9999886852808161
171,429,0.9999886852808161,0.9999886852808161
172,359,0.9999886852808161,0.9999886852808161
173,339,0.9999886852808161,0.9999886852808161
174,89,0.9999886852808161,0.9999886852808161
175,19,0.9999886852808161,0.9999886852808161
176,144,0.9999886852808161,0.9999886852808161
177,423,0.9999886852808161,0.9999886852808161
178,460,0.9999886852808161,0.9999886852808161
179,442,0.9999886852808161,0.9999886852808161
180,480,0.9999886852808162,0.9999886852808162
181,261,0.9999886852808162,0.9999886852808162
182,200,0.9999886852808162,0.9999886852808162
183,249,0.9999886852808162,0.9999886852808162
184,255,0.9999886852808162,0.9999886852808162
185,177,0.9999899238187109,0.9999899238187109
186,62,0.9999917732260085,0.9999917732260085
187,213,0.9999919948045018,0.9999919948045018
188,184,0.9999931559718589,0.9999931559718589
189,98,0.9999931559718589,0.9999931559718589
190,117,0.9999931559718589,0.9999931559718589
191,194,0.999993155971859,0.999993155971859
192,27,0.9999931559718591,0.9999931559718591
193,87,0.9999947880395523,0.9999947880395523
194,282,0.9999957637410477,0.9999957637410477
195,369,0.9999957637410477,0.9999957637410477
196,14,0.9999957637410478,0.9999957637410478
197,469,0.9999967580744166,0.9999967580744166
198,192,0.9999967580744167,0.9999967580744167
199,374,0.9999967984288334,0.9999967984288334
200,289,0.9999977242542522,0.9999977242542522
201,248,0.9999977242542522,0.9999977242542522
202,55,0.9999977242542522,0.9999977242542522
203,427,0.999998295615609,0.999998295615609
204,428,0.999998295615609,0.999998295615609
205,136,0.999998295615609,0.999998295615609
206,245,0.999998295615609,0.999998295615609
207,296,0.999998295615609,0.999998295615609
208,238,0.999998295615609,0.999998295615609
209,271,0.999998295615609,0.999998295615609
210,313,0.999998295615609,0.999998295615609
211,79,0.999998295615609,0.999998295615609
212,454,0.999998295615609,0.999998295615609
213,81,0.999998295615609,0.999998295615609
214,222,0.999998295615609,0.999998295615609
215,21,0.999998295615609,0.999998295615609
216,244,0.9999982956156092,0.9999982956156092
217,269,0.9999982956156092,0.9999982956156092
218,247,0.9999982956156092,0.9999982956156092
219,491,0.9999982956156092,0.9999982956156092
220,154,0.9999982956156092,0.9999982956156092
221,3,0.9999982956156092,0.9999982956156092
222,211,0.9999982956156092,0.9999982956156092
223,7,0.9999982956156092,0.9999982956156092
224,9,0.9999982956156092,0.9999982956156092
225,68,0.9999982956156092,0.9999982956156092
226,64,0.9999982956156092,0.9999982956156092
227,26,0.9999982956156092,0.9999982956156092
228,141,0.9999982956156092,0.9999982956156092
229,470,0.9999982956156092,0.9999982956156092
230,41,0.9999982956156092,0.9999982956156092
231,34,0.9999982956156092,0.9999982956156092
232,444,0.9999982956156093,0.9999982956156093
233,443,0.9999994410520898,0.9999994410520898
234,92,0.9999996773178248,0.9999996773178248
235,219,0.9999996773178249,0.9999996773178249
236,464,0.9999999999999999,0.9999999999999999
237,478,0.9999999999999999,0.9999999999999999
238,351,0.9999999999999999,0.9999999999999999
239,329,0.9999999999999999,0.9999999999999999
240,353,0.9999999999999999,0.9999999999999999
241,483,0.9999999999999999,0.9999999999999999
242,484,0.9999999999999999,0.9999999999999999
243,354,0.9999999999999999,0.9999999999999999
244,463,0.9999999999999999,0.9999999999999999
245,457,0.9999999999999999,0.9999999999999999
246,355,0.9999999999999999,0.9999999999999999
247,356,0.9999999999999999,0.9999999999999999
248,357,0.9999999999999999,0.9999999999999999
249,456,0.9999999999999999,0.9999999999999999
250,455,0.9999999999999999,0.9999999999999999
251,466,0.9999999999999999,0.9999999999999999
252,475,0.9999999999999999,0.9999999999999999
253,336,0.9999999999999999,0.9999999999999999
254,349,0.9999999999999999,0.9999999999999999
255,337,0.9999999999999999,0.9999999999999999
256,338,0.9999999999999999,0.9999999999999999
257,334,0.9999999999999999,0.9999999999999999
258,340,0.9999999999999999,0.9999999999999999
259,342,0.9999999999999999,0.9999999999999999
260,473,0.9999999999999999,0.9999999999999999
261,344,0.9999999999999999,0.9999999999999999
262,476,0.9999999999999999,0.9999999999999999
263,345,0.9999999999999999,0.9999999999999999
264,360,0.9999999999999999,0.9999999999999999
265,477,0.9999999999999999,0.9999999999999999
266,346,0.9999999999999999,0.9999999999999999
267,347,0.9999999999999999,0.9999999999999999
268,331,0.9999999999999999,0.9999999999999999
269,348,0.9999999999999999,0.9999999999999999
270,468,0.9999999999999999,0.9999999999999999
271,467,0.9999999999999999,0.9999999999999999
272,449,0.9999999999999999,0.9999999999999999
273,452,0.9999999999999999,0.9999999999999999
274,413,0.9999999999999999,0.9999999999999999
275,412,0.9999999999999999,0.9999999999999999
276,411,0.9999999999999999,0.9999999999999999
277,409,0.9999999999999999,0.9999999999999999
278,408,0.9999999999999999,0.9999999999999999
279,378,0.9999999999999999,0.9999999999999999
280,407,0.9999999999999999,0.9999999999999999
281,405,0.9999999999999999,0.9999999999999999
282,403,0.9999999999999999,0.9999999999999999
283,415,0.9999999999999999,0.9999999999999999
284,400,0.9999999999999999,0.9999999999999999
285,381,0.9999999999999999,0.9999999999999999
286,397,0.9999999999999999,0.9999999999999999
287,395,0.9999999999999999,0.9999999999999999
288,394,0.9999999999999999,0.9999999999999999
289,382,0.9999999999999999,0.9999999999999999
290,391,0.9999999999999999,0.9999999999999999
291,390,0.9999999999999999,0.9999999999999999
292,383,0.9999999999999999,0.9999999999999999
293,387,0.9999999999999999,0.9999999999999999
294,399,0.9999999999999999,0.9999999999999999
295,416,0.9999999999999999,0.9999999999999999
296,418,0.9999999999999999,0.9999999999999999
297,422,0.9999999999999999,0.9999999999999999
298,385,0.9999999999999999,0.9999999999999999
299,447,0.9999999999999999,0.9999999999999999
300,446,0.9999999999999999,0.9999999999999999
301,361,0.9999999999999999,0.9999999999999999
302,445,0.9999999999999999,0.9999999999999999
303,362,0.9999999999999999,0.9999999999999999
304,364,0.9999999999999999,0.9999999999999999
305,365,0.9999999999999999,0.9999999999999999
306,367,0.9999999999999999,0.9999999999999999
307,440,0.9999999999999999,0.9999999999999999
308,372,0.9999999999999999,0.9999999999999999
309,439,0.9999999999999999,0.9999999999999999
310,373,0.9999999999999999,0.9999999999999999
311,438,0.9999999999999999,0.9999999999999999
312,437,0.9999999999999999,0.9999999999999999
313,436,0.9999999999999999,0.9999999999999999
314,434,0.9999999999999999,0.9999999999999999
315,432,0.9999999999999999,0.9999999999999999
316,430,0.9999999999999999,0.9999999999999999
317,426,0.9999999999999999,0.9999999999999999
318,424,0.9999999999999999,0.9999999999999999
319,453,0.9999999999999999,0.9999999999999999
320,323,0.9999999999999999,0.9999999999999999
321,1,0.9999999999999999,0.9999999999999999
322,321,0.9999999999999999,0.9999999999999999
323,142,0.9999999999999999,0.9999999999999999
324,140,0.9999999999999999,0.9999999999999999
325,139,0.9999999999999999,0.9999999999999999
326,135,0.9999999999999999,0.9999999999999999
327,134,0.9999999999999999,0.9999999999999999
328,133,0.9999999999999999,0.9999999999999999
329,124,0.9999999999999999,0.9999999999999999
330,143,0.9999999999999999,0.9999999999999999
331,123,0.9999999999999999,0.9999999999999999
332,120,0.9999999999999999,0.9999999999999999
333,119,0.9999999999999999,0.9999999999999999
334,118,0.9999999999999999,0.9999999999999999
335,115,0.9999999999999999,0.9999999999999999
336,109,0.9999999999999999,0.9999999999999999
337,108,0.9999999999999999,0.9999999999999999
338,107,0.9999999999999999,0.9999999999999999
339,121,0.9999999999999999,0.9999999999999999
340,106,0.9999999999999999,0.9999999999999999
341,145,0.9999999999999999,0.9999999999999999
342,148,0.9999999999999999,0.9999999999999999
343,180,0.9999999999999999,0.9999999999999999
344,179,0.9999999999999999,0.9999999999999999
345,322,0.9999999999999999,0.9999999999999999
346,169,0.9999999999999999,0.9999999999999999
347,168,0.9999999999999999,0.9999999999999999
348,167,0.9999999999999999,0.9999999999999999
349,165,0.9999999999999999,0.9999999999999999
350,147,0.9999999999999999,0.9999999999999999
351,162,0.9999999999999999,0.9999999999999999
352,158,0.9999999999999999,0.9999999999999999
353,157,0.9999999999999999,0.9999999999999999
354,156,0.9999999999999999,0.9999999999999999
355,155,0.9999999999999999,0.9999999999999999
356,153,0.9999999999999999,0.9999999999999999
357,151,0.9999999999999999,0.9999999999999999
358,149,0.9999999999999999,0.9999999999999999
359,160,0.9999999999999999,0.9999999999999999
360,182,0.9999999999999999,0.9999999999999999
361,105,0.9999999999999999,0.9999999999999999
362,103,0.9999999999999999,0.9999999999999999
363,42,0.9999999999999999,0.9999999999999999
364,40,0.9999999999999999,0.9999999999999999
365,37,0.9999999999999999,0.9999999999999999
366,33,0.9999999999999999,0.9999999999999999
367,32,0.9999999999999999,0.9999999999999999
368,30,0.9999999999999999,0.9999999999999999
369,24,0.9999999999999999,0.9999999999999999
370,46,0.9999999999999999,0.9999999999999999
371,23,0.9999999999999999,0.9999999999999999
372,17,0.9999999999999999,0.9999999999999999
373,16,0.9999999999999999,0.9999999999999999
374,12,0.9999999999999999,0.9999999999999999
375,10,0.9999999999999999,0.9999999999999999
376,8,0.9999999999999999,0.9999999999999999
377,6,0.9999999999999999,0.9999999999999999
378,2,0.9999999999999999,0.9999999999999999
379,20,0.9999999999999999,0.9999999999999999
380,104,0.9999999999999999,0.9999999999999999
381,49,0.9999999999999999,0.9999999999999999
382,54,0.9999999999999999,0.9999999999999999
383,102,0.9999999999999999,0.9999999999999999
384,101,0.9999999999999999,0.9999999999999999
385,99,0.9999999999999999,0.9999999999999999
386,93,0.9999999999999999,0.9999999999999999
387,91,0.9999999999999999,0.9999999999999999
388,86,0.9999999999999999,0.9999999999999999
389,85,0.9999999999999999,0.9999999999999999
390,52,0.9999999999999999,0.9999999999999999
391,84,0.9999999999999999,0.9999999999999999
392,82,0.9999999999999999,0.9999999999999999
393,78,0.9999999999999999,0.9999999999999999
394,75,0.9999999999999999,0.9999999999999999
395,73,0.9999999999999999,0.9999999999999999
396,63,0.9999999999999999,0.9999999999999999
397,57,0.9999999999999999,0.9999999999999999
398,56,0.9999999999999999,0.9999999999999999
399,83,0.9999999999999999,0.9999999999999999
400,185,0.9999999999999999,0.9999999999999999
401,170,0.9999999999999999,0.9999999999999999
402,188,0.9999999999999999,0.9999999999999999
403,297,0.9999999999999999,0.9999999999999999
404,295,0.9999999999999999,0.9999999999999999
405,294,0.9999999999999999,0.9999999999999999
406,293,0.9999999999999999,0.9999999999999999
407,292,0.9999999999999999,0.9999999999999999
408,291,0.9999999999999999,0.9999999999999999
409,286,0.9999999999999999,0.9999999999999999
410,299,0.9999999999999999,0.9999999999999999
411,285,0.9999999999999999,0.9999999999999999
412,280,0.9999999999999999,0.9999999999999999
413,279,0.9999999999999999,0.9999999999999999
414,277,0.9999999999999999,0.9999999999999999
415,276,0.9999999999999999,0.9999999999999999
416,275,0.9999999999999999,0.9999999999999999
417,268,0.9999999999999999,0.9999999999999999
418,186,0.9999999999999999,0.9999999999999999
419,284,0.9999999999999999,0.9999999999999999
420,265,0.9999999999999999,0.9999999999999999
421,300,0.9999999999999999,0.9999999999999999
422,302,0.9999999999999999,0.9999999999999999
423,319,0.9999999999999999,0.9999999999999999
424,318,0.9999999999999999,0.9999999999999999
425,317,0.9999999999999999,0.9999999999999999
426,316,0.9999999999999999,0.9999999999999999
427,315,0.9999999999999999,0.9999999999999999
428,314,0.9999999999999999,0.9999999999999999
429,312,0.9999999999999999,0.9999999999999999
430,301,0.9999999999999999,0.9999999999999999
431,311,0.9999999999999999,0.9999999999999999
432,309,0.9999999999999999,0.9999999999999999
433,308,0.9999999999999999,0.9999999999999999
434,307,0.9999999999999999,0.9999999999999999
435,306,0.9999999999999999,0.9999999999999999
436,305,0.9999999999999999,0.9999999999999999
437,304,0.9999999999999999,0.9999999999999999
438,303,0.9999999999999999,0.9999999999999999
439,310,0.9999999999999999,0.9999999999999999
440,263,0.9999999999999999,0.9999999999999999
441,266,0.9999999999999999,0.9999999999999999
442,223,0.9999999999999999,0.9999999999999999
443,233,0.9999999999999999,0.9999999999999999
444,231,0.9999999999999999,0.9999999999999999
445,224,0.9999999999999999,0.9999999999999999
446,220,0.9999999999999999,0.9999999999999999
447,212,0.9999999999999999,0.9999999999999999
448,205,0.9999999999999999,0.9999999999999999
449,236,0.9999999999999999,0.9999999999999999
450,202,0.9999999999999999,0.9999999999999999
451,197,0.9999999999999999,0.9999999999999999
452,195,0.9999999999999999,0.9999999999999999
453,193,0.9999999999999999,0.9999999999999999
454,191,0.9999999999999999,0.9999999999999999
455,190,0.9999999999999999,0.9999999999999999
456,189,0.9999999999999999,0.9999999999999999
457,198,0.9999999999999999,0.9999999999999999
458,237,0.9999999999999999,0.9999999999999999
459,246,0.9999999999999999,0.9999999999999999
460,257,0.9999999999999999,0.9999999999999999
461,259,0.9999999999999999,0.9999999999999999
462,242,0.9999999999999999,0.9999999999999999
463,262,0.9999999999999999,0.9999999999999999
464,256,0.9999999999999999,0.9999999999999999
465,260,0.9999999999999999,0.9999999999999999
466,240,0.9999999999999999,0.9999999999999999
467,393,1.0000000000000002,1.0000000000000002
468,22,1.0000000000000002,1.0000000000000002
469,166,1.0000000000000002,1.0000000000000002
470,241,1.0000000000000002,1.0000000000000002
471,196,1.0000000000000002,1.0000000000000002
472,363,1.0000000000000002,1.0000000000000002
473,264,1.0000000000000002,1.0000000000000002
474,489,1.0000000000000002,1.0000000000000002
475,371,1.0000000000000002,1.0000000000000002
476,370,1.0000000000000002,1.0000000000000002
477,278,1.0000000000000002,1.0000000000000002
478,36,1.0000000000000002,1.0000000000000002
479,94,1.0000000000000002,1.0000000000000002
480,217,1.0000000000000002,1.0000000000000002
481,419,1.0000000000000002,1.0000000000000002
482,386,1.0000000000000002,1.0000000000000002
483,341,1.0000000000000002,1.0000000000000002
484,129,1.0000000000000002,1.0000000000000002
485,441,1.0000000000000002,1.0000000000000002
486,227,1.0000000000000002,1.0000000000000002
487,283,1.0000000000000002,1.0000000000000002
488,431,1.0000000000000002,1.0000000000000002
489,210,1.0000000000000002,1.0000000000000002
490,366,1.0000000000000002,1.0000000000000002
